0,26,39822,0
0,26,39822,1
0,26,39822,2
0,1,38133,0
0,1,38133,1
0,1,38133,2
0,19,99576,0
0,19,99576,1
0,19,99576,2
0,17,91647,0
0,17,91647,1
0,17,91647,2
0,5,91314,0
0,5,91314,1
0,5,91314,2
0,9,90318,0
0,9,90318,1
0,9,90318,2
0,21,35805,0
0,21,35805,1
0,21,35805,2
0,14,14184,0
0,14,14184,1
0,14,14184,2
0,39,16788,0
0,39,16788,1
0,39,16788,2
0,20,98256,0
0,20,98256,1
0,20,98256,2
0,27,19971,0
0,27,19971,1
0,27,19971,2
26,0,103599,0
26,0,103599,1
26,0,103599,2
26,1,119064,0
26,1,119064,1
26,1,119064,2
26,19,200856,0
26,19,200856,1
26,19,200856,2
26,17,252003,0
26,17,252003,1
26,17,252003,2
26,5,123687,0
26,5,123687,1
26,5,123687,2
26,9,122514,0
26,9,122514,1
26,9,122514,2
26,21,63780,0
26,21,63780,1
26,21,63780,2
26,14,32259,0
26,14,32259,1
26,14,32259,2
26,39,43569,0
26,39,43569,1
26,39,43569,2
26,20,115359,0
26,20,115359,1
26,20,115359,2
26,27,36357,0
26,27,36357,1
26,27,36357,2
1,0,177570,0
1,0,177570,1
1,0,177570,2
1,26,213108,0
1,26,213108,1
1,26,213108,2
1,19,304482,0
1,19,304482,1
1,19,304482,2
1,17,196638,0
1,17,196638,1
1,17,196638,2
1,3,7575,0
1,3,7575,1
1,3,7575,2
1,5,266376,0
1,5,266376,1
1,5,266376,2
1,8,4602,0
1,8,4602,1
1,8,4602,2
1,9,345003,0
1,9,345003,1
1,9,345003,2
1,21,348870,0
1,21,348870,1
1,21,348870,2
1,12,5628,0
1,12,5628,1
1,12,5628,2
1,14,168138,0
1,14,168138,1
1,14,168138,2
1,39,377067,0
1,39,377067,1
1,39,377067,2
1,18,5808,0
1,18,5808,1
1,18,5808,2
1,20,239799,0
1,20,239799,1
1,20,239799,2
1,27,146157,0
1,27,146157,1
1,27,146157,2
19,0,259044,0
19,0,259044,1
19,0,259044,2
19,26,200856,0
19,26,200856,1
19,26,200856,2
19,1,170115,0
19,1,170115,1
19,1,170115,2
19,17,749637,0
19,17,749637,1
19,17,749637,2
19,5,143901,0
19,5,143901,1
19,5,143901,2
19,9,153741,0
19,9,153741,1
19,9,153741,2
19,21,86829,0
19,21,86829,1
19,21,86829,2
19,14,37695,0
19,14,37695,1
19,14,37695,2
19,39,52572,0
19,39,52572,1
19,39,52572,2
19,20,142248,0
19,20,142248,1
19,20,142248,2
19,27,44385,0
19,27,44385,1
19,27,44385,2
17,0,134820,0
17,0,134820,1
17,0,134820,2
17,26,142503,0
17,26,142503,1
17,26,142503,2
17,1,62124,0
17,1,62124,1
17,1,62124,2
17,19,423903,0
17,19,423903,1
17,19,423903,2
17,5,77442,0
17,5,77442,1
17,5,77442,2
17,9,76446,0
17,9,76446,1
17,9,76446,2
17,21,36984,0
17,21,36984,1
17,21,36984,2
17,14,16512,0
17,14,16512,1
17,14,16512,2
17,39,21897,0
17,39,21897,1
17,39,21897,2
17,20,76437,0
17,20,76437,1
17,20,76437,2
17,27,20097,0
17,27,20097,1
17,27,20097,2
3,0,9690,0
3,0,9690,1
3,0,9690,2
3,26,11817,0
3,26,11817,1
3,26,11817,2
3,1,13026,0
3,1,13026,1
3,1,13026,2
3,19,8568,0
3,19,8568,1
3,19,8568,2
3,17,7968,0
3,17,7968,1
3,17,7968,2
3,5,228030,0
3,5,228030,1
3,5,228030,2
3,9,202812,0
3,9,202812,1
3,9,202812,2
3,21,24051,0
3,21,24051,1
3,21,24051,2
3,12,50283,0
3,12,50283,1
3,12,50283,2
3,14,14688,0
3,14,14688,1
3,14,14688,2
3,39,11118,0
3,39,11118,1
3,39,11118,2
3,18,441396,0
3,18,441396,1
3,18,441396,2
3,20,109263,0
3,20,109263,1
3,20,109263,2
3,27,26925,0
3,27,26925,1
3,27,26925,2
3,29,13317,0
3,29,13317,1
3,29,13317,2
5,9,129396,0
5,9,129396,1
5,9,129396,2
5,21,5142,0
5,21,5142,1
5,21,5142,2
5,20,159699,0
5,20,159699,1
5,20,159699,2
5,27,5451,0
5,27,5451,1
5,27,5451,2
8,0,62355,0
8,0,62355,1
8,0,62355,2
8,26,64995,0
8,26,64995,1
8,26,64995,2
8,1,182757,0
8,1,182757,1
8,1,182757,2
8,19,68667,0
8,19,68667,1
8,19,68667,2
8,17,53967,0
8,17,53967,1
8,17,53967,2
8,3,9381,0
8,3,9381,1
8,3,9381,2
8,5,253077,0
8,5,253077,1
8,5,253077,2
8,9,378243,0
8,9,378243,1
8,9,378243,2
8,21,471729,0
8,21,471729,1
8,21,471729,2
8,12,6423,0
8,12,6423,1
8,12,6423,2
8,14,880617,0
8,14,880617,1
8,14,880617,2
8,39,405687,0
8,39,405687,1
8,39,405687,2
8,18,7281,0
8,18,7281,1
8,18,7281,2
8,20,190905,0
8,20,190905,1
8,20,190905,2
8,27,285177,0
8,27,285177,1
8,27,285177,2
8,29,4671,0
8,29,4671,1
8,29,4671,2
9,0,5106,0
9,0,5106,1
9,0,5106,2
9,5,177327,0
9,5,177327,1
9,5,177327,2
9,21,11175,0
9,21,11175,1
9,21,11175,2
9,14,5205,0
9,14,5205,1
9,14,5205,2
9,20,102477,0
9,20,102477,1
9,20,102477,2
9,27,14112,0
9,27,14112,1
9,27,14112,2
21,0,83286,0
21,0,83286,1
21,0,83286,2
21,26,57027,0
21,26,57027,1
21,26,57027,2
21,1,174285,0
21,1,174285,1
21,1,174285,2
21,19,77640,0
21,19,77640,1
21,19,77640,2
21,17,58482,0
21,17,58482,1
21,17,58482,2
21,3,6987,0
21,3,6987,1
21,3,6987,2
21,5,289821,0
21,5,289821,1
21,5,289821,2
21,8,5934,0
21,8,5934,1
21,8,5934,2
21,9,459597,0
21,9,459597,1
21,9,459597,2
21,12,4875,0
21,12,4875,1
21,12,4875,2
21,14,479145,0
21,14,479145,1
21,14,479145,2
21,39,270651,0
21,39,270651,1
21,39,270651,2
21,18,5337,0
21,18,5337,1
21,18,5337,2
21,20,246141,0
21,20,246141,1
21,20,246141,2
21,27,436914,0
21,27,436914,1
21,27,436914,2
12,0,8349,0
12,0,8349,1
12,0,8349,2
12,26,10461,0
12,26,10461,1
12,26,10461,2
12,1,9681,0
12,1,9681,1
12,1,9681,2
12,19,6981,0
12,19,6981,1
12,19,6981,2
12,17,7125,0
12,17,7125,1
12,17,7125,2
12,3,50283,0
12,3,50283,1
12,3,50283,2
12,5,195948,0
12,5,195948,1
12,5,195948,2
12,9,147711,0
12,9,147711,1
12,9,147711,2
12,21,16779,0
12,21,16779,1
12,21,16779,2
12,14,10038,0
12,14,10038,1
12,14,10038,2
12,39,7881,0
12,39,7881,1
12,39,7881,2
12,18,29199,0
12,18,29199,1
12,18,29199,2
12,20,93873,0
12,20,93873,1
12,20,93873,2
12,27,18054,0
12,27,18054,1
12,27,18054,2
12,29,13143,0
12,29,13143,1
12,29,13143,2
16,0,47190,0
16,0,47190,1
16,0,47190,2
16,26,56157,0
16,26,56157,1
16,26,56157,2
16,1,93792,0
16,1,93792,1
16,1,93792,2
16,19,49116,0
16,19,49116,1
16,19,49116,2
16,17,41673,0
16,17,41673,1
16,17,41673,2
16,3,24084,0
16,3,24084,1
16,3,24084,2
16,5,378036,0
16,5,378036,1
16,5,378036,2
16,8,5178,0
16,8,5178,1
16,8,5178,2
16,9,526227,0
16,9,526227,1
16,9,526227,2
16,21,188604,0
16,21,188604,1
16,21,188604,2
16,12,14805,0
16,12,14805,1
16,12,14805,2
16,14,155022,0
16,14,155022,1
16,14,155022,2
16,39,100866,0
16,39,100866,1
16,39,100866,2
16,22,13398,0
16,22,13398,1
16,22,13398,2
16,18,19344,0
16,18,19344,1
16,18,19344,2
16,20,235062,0
16,20,235062,1
16,20,235062,2
16,27,212019,0
16,27,212019,1
16,27,212019,2
16,29,9375,0
16,29,9375,1
16,29,9375,2
14,0,77466,0
14,0,77466,1
14,0,77466,2
14,26,67722,0
14,26,67722,1
14,26,67722,2
14,1,197202,0
14,1,197202,1
14,1,197202,2
14,19,79134,0
14,19,79134,1
14,19,79134,2
14,17,61308,0
14,17,61308,1
14,17,61308,2
14,3,10017,0
14,3,10017,1
14,3,10017,2
14,5,320466,0
14,5,320466,1
14,5,320466,2
14,8,26013,0
14,8,26013,1
14,8,26013,2
14,9,502566,0
14,9,502566,1
14,9,502566,2
14,21,1124901,0
14,21,1124901,1
14,21,1124901,2
14,12,6846,0
14,12,6846,1
14,12,6846,2
14,39,436656,0
14,39,436656,1
14,39,436656,2
14,18,7728,0
14,18,7728,1
14,18,7728,2
14,20,249984,0
14,20,249984,1
14,20,249984,2
14,27,532953,0
14,27,532953,1
14,27,532953,2
14,29,5385,0
14,29,5385,1
14,29,5385,2
39,0,62934,0
39,0,62934,1
39,0,62934,2
39,26,62781,0
39,26,62781,1
39,26,62781,2
39,1,303561,0
39,1,303561,1
39,1,303561,2
39,19,75756,0
39,19,75756,1
39,19,75756,2
39,17,55797,0
39,17,55797,1
39,17,55797,2
39,3,5205,0
39,3,5205,1
39,3,5205,2
39,5,167253,0
39,5,167253,1
39,5,167253,2
39,8,8223,0
39,8,8223,1
39,8,8223,2
39,9,239706,0
39,9,239706,1
39,9,239706,2
39,21,436158,0
39,21,436158,1
39,21,436158,2
39,14,299724,0
39,14,299724,1
39,14,299724,2
39,20,138522,0
39,20,138522,1
39,20,138522,2
39,27,147045,0
39,27,147045,1
39,27,147045,2
22,0,38049,0
22,0,38049,1
22,0,38049,2
22,26,54483,0
22,26,54483,1
22,26,54483,2
22,1,82776,0
22,1,82776,1
22,1,82776,2
22,19,42945,0
22,19,42945,1
22,19,42945,2
22,17,37149,0
22,17,37149,1
22,17,37149,2
22,3,16722,0
22,3,16722,1
22,3,16722,2
22,5,243729,0
22,5,243729,1
22,5,243729,2
22,9,314151,0
22,9,314151,1
22,9,314151,2
22,21,127332,0
22,21,127332,1
22,21,127332,2
22,12,11043,0
22,12,11043,1
22,12,11043,2
22,16,12126,0
22,16,12126,1
22,16,12126,2
22,14,102051,0
22,14,102051,1
22,14,102051,2
22,39,81237,0
22,39,81237,1
22,39,81237,2
22,18,13365,0
22,18,13365,1
22,18,13365,2
22,20,152835,0
22,20,152835,1
22,20,152835,2
22,27,117693,0
22,27,117693,1
22,27,117693,2
22,29,6336,0
22,29,6336,1
22,29,6336,2
18,0,8112,0
18,0,8112,1
18,0,8112,2
18,26,10116,0
18,26,10116,1
18,26,10116,2
18,1,11349,0
18,1,11349,1
18,1,11349,2
18,19,7410,0
18,19,7410,1
18,19,7410,2
18,17,6834,0
18,17,6834,1
18,17,6834,2
18,3,501633,0
18,3,501633,1
18,3,501633,2
18,5,182097,0
18,5,182097,1
18,5,182097,2
18,9,167802,0
18,9,167802,1
18,9,167802,2
18,21,20874,0
18,21,20874,1
18,21,20874,2
18,12,33186,0
18,12,33186,1
18,12,33186,2
18,14,12879,0
18,14,12879,1
18,14,12879,2
18,39,9729,0
18,39,9729,1
18,39,9729,2
18,20,88524,0
18,20,88524,1
18,20,88524,2
18,27,23403,0
18,27,23403,1
18,27,23403,2
18,29,9780,0
18,29,9780,1
18,29,9780,2
20,5,159726,0
20,5,159726,1
20,5,159726,2
20,9,74790,0
20,9,74790,1
20,9,74790,2
27,0,66084,0
27,0,66084,1
27,0,66084,2
27,26,46239,0
27,26,46239,1
27,26,46239,2
27,1,103860,0
27,1,103860,1
27,1,103860,2
27,19,56454,0
27,19,56454,1
27,19,56454,2
27,17,45204,0
27,17,45204,1
27,17,45204,2
27,3,11127,0
27,3,11127,1
27,3,11127,2
27,5,437205,0
27,5,437205,1
27,5,437205,2
27,8,5103,0
27,8,5103,1
27,8,5103,2
27,9,825660,0
27,9,825660,1
27,9,825660,2
27,21,621480,0
27,21,621480,1
27,21,621480,2
27,12,7461,0
27,12,7461,1
27,12,7461,2
27,14,322902,0
27,14,322902,1
27,14,322902,2
27,39,129792,0
27,39,129792,1
27,39,129792,2
27,18,8511,0
27,18,8511,1
27,18,8511,2
27,20,332313,0
27,20,332313,1
27,20,332313,2
27,29,6696,0
27,29,6696,1
27,29,6696,2
29,5,67260,0
29,5,67260,1
29,5,67260,2
29,9,38700,0
29,9,38700,1
29,9,38700,2
29,20,24915,0
29,20,24915,1
29,20,24915,2
